{
    "faithfulness": 0.7424242424242424,
    "answer_relevancy": 0.7961254830237003,
    "context_precision": 0.9749999999631249,
    "context_recall": 0.5,
    "overall_score": 0.7533874313527669
}